场号,群号,,标识,,,备注/留言,,,,,,,,如果你的场有图片之类的资源请放在这里,,,,,,,,,,,
1,1103593490,,jjc1场,,,,,,,,,,,,,,,,,,,,,,
2,1103589349,,jjc2场,,,,,,,,,,,,,,,,,,,,,,
3,2159010978,,jjc3群,,,欢迎大家点击链接加入群聊【公主连结430jjc3场】：https://qm.qq.com/q/AewFprFitG,,,,,,,,,,,,,,,,,,,
4,1101169534,,jjc4场,,,欢迎大家    怎么搜不到 ,,,,,,,,,,,,,,,,,,,
5,1101175646,,26.4.30jjc5场群,,,这是最后的击剑了,,,,,,,,,,,,,,,,,,,
6,910572059,,公主连结jjc6场2026.4.30,,,欢迎大家来！,,,,,,,,,,,,,,,,,,,
7,1101178895,,2026.4.30  7号场,,,,,,,,,,,,,,,,,,,,,,
8,1101177262,,JJC重置后8场20264.30,,,欢迎大家都来,,,,,,,,,,,,,,,,,,,
9,713275718,,jjc9场26/4/30,,,还没看到群啊,,,,,,,,,,,,,,,,,,,
10,531614082,,jjc10场（2026.4.30）,,,没人建群啊😱,,,,,,,,,,,,,,,,,,,
11,1095579874,,11场,,,最后一次了 大家友好交流 安心养老（,,,,,,,,,,,,,,,,,,,
12,482924256,,12场,,,b服,,,,,,,,,,,,,,,,,,,
13,939143998,,13场,,,自带机器人监控,,,,,,,,,,,,,,,,,,,
14,2153013402,,14场,,,欢迎大家 新建的；后续会添加竞技场bot,,,,,,,,,,,,,,,,,,,
15,278982207,,15场,,,怎么没人建群,,,,,,,,,,,,,,,,,,,
16,1083920849 ,,新16场，欢迎大家,,,,,,,,,,,,,,,,,,,,,,
17,835378155,,老群新用，反正也没多少活人了懒的建,,,,,,,,,,,,,,,,,,,,,,
18,212241619,,新18场，一起吹水~,,,,,,,,,,,,,,,,,,,,,,
19,602398109,,欢迎大家来玩,,,,,,,,,,,,,,,,,,,,,,
20,375971095,,群名：4.30公主连结竞技场20场群,,,最后一次重置，群内有bot，欢迎各位加入,,,,,,,,,,,,,,,,,,,
21,768040693,,群名：一宿泥竞技场小窝（场次21）,,,,,,,,,,,,,,,,,,,,,,
22,1103594502,,4月30日 22场jjc重置群,,,,,,,,,,,,,,,,,,,,,,
23,719342207,,4.30 JJC (23场）,,,无审核，快来吹牛。,,,,,,,,,,,,,,,,,,,
24,1026204200,,24场快来人,,,最后一次重置，大家快来，开心pcr，永远不吃井,,,,,,,,,,,,,,,,,,,
25,1091707295,,25场欢迎大家来吹水,,,最后一次重置了，希望大家能友好交流【2026.4.30jjc新群（25场）】：https://qm.qq.com/q/4gpWZVKN5m     ,,,,,,,,,,,,,,,,,,,
26,743910757,,26场,,,,,,,,,,,,,,,,,,,,,,
27,719580063,,27场快来人,,,快来人吹牛呀,,,,,,,,,,,,,,,,,,,
28,1103594530,,28场来人,,,公主连结28场jjc群（2026.4.30重置）群号1103594530 上个群搜不到可加这个,,,,,,,,,,,,,,,,,,,
29,1092889418,,26年4月30日新JJC29场群,,,多来点人 可让你们涨知识,,,,,,,,,,,,,,,,,,,
30,948098471,,30场,,,,,,,,,,,,,,,,,,,,,,
31,1087798593,,31场,,,,,,,,,,,,,,,,,,,,,,
32,278453951,,32场,,,,,,,,,,,,,,,,,,,,,,
33,1103592742,,33场,,,,,,,,,,,,,,,,,,,,,,
34,482890096,,4.30竞技场重置34,,,,,,,,,,,,,,,,,,,,,,
35,632046181,,35场,,,菲欧头像,,,,,,,,,,,,,,,,,,,
36,1080257214,,公主连结jjc4.30新群（36场）,,,,,,,,,,,,,,,,,,,,,,
37,972889374,,2026年4月30日JJC重置群（37场）,,,群是菲欧头像，欢迎大家加入,,,,,,,,,,,,,,,,,,,
38,2159072318,,38场,,,11,,,,,,,,,,,,,,,,,,,
39,1044411865,,39场,,,,,,,,,,,,,,,,,,,,,,
40,1081299950,,40场,,,,,,,,,,,,,,,,,,,,,,
41,1073072213,,41场 来个人当群主,,,点击链接加入群聊【4.30   41场】：https://qm.qq.com/q/U8TpzmDSUg,,,,,,,,,,,,,,,,,,,
42,1101172810,,42场,,,已添置bot,,,,,,,,,,,,,,,,,,,
43,1103607251,,43场,,,,,,,,,,,,,,,,,,,,,,
44,1103604609,,44场,,,,,,,,,,,,,,,,,,,,,,
45,254363794,,45场,,,,,,,,,,,,,,,,,,,,,,
46,151333700,,公主连结46场-2026.04.30,,,,,,,,,,,,,,,,,,,,,,
47,815934893,,47,,,点击左侧群号进群,,,,,,,,,,,,,,,,,,,
48,753130374,,爱姬多娜头像,,,,,,,,,,,,,,,,,,,,,,
49,794535174,,PCR竞技场49场-2026.4.30,,,,,,,,,,,,,,,,,,,,,,
50,1093041208 ,,J50号场 26.4.30,,,欢迎交流,,,,,,,,,,,,,,,,,,,
51,113426717,,51群建好了快来！！,,,少7了  帮你们改了,,,,,,,,,,,,,,,,,,,
52,831769051,,52,,,,,,,,,,,,,,,,,,,,,,
53,1050255661,,53,,,,,,,,,,,,,,,,,,,,,,
54,1082300550,,54,,,,,,,,,,,,,,,,,,,,,,
55,739257323,,55,,,,,,,,,,,,,,,,,,,,,,
56,482271827,,56 26.4.30,,,,,,,,,,,,,,,,,,,,,,
57,633243440,,JJC 57场,,,欢迎小伙伴来交流玩耍,,,,,,,,,,,,,,,,,,,
58,1095061667,,jjc58场  26.4.30,,,,,,,,,,,,,,,,,,,,,,
59,1090244351,,59,,,,,,,,,,,,,,,,,,,,,,
60,1103590355,,60场,,,,,,,,,,,,,,,,,,,,,,
61,185072652,,61场 来打一辈子JJC吧！,,,点击链接加入群聊【公主连接4月30日竞技场61群】：https://qun.qq.com/universal-share/share?ac=1&authKey=mq3ZxKkNEj0F1xH7Dt3CF29iBIsS1gmTbIqJT0eSiNWqVZo0HS%2BeWU2ByhF1I1Jz&busi_data=eyJncm91cENvZGUiOiIxODUwNzI2NTIiLCJ0b2tlbiI6IkJCOEtJMDMvQldTai9wUmlhWlYwcHQzTmMyV0psWXkzV20rZ0dxYmE3Qmp6SHVPcmFGMFRMb3N0THBVd29rS3MiLCJ1aW4iOiI1OTc3OTQ0NzAifQ%3D%3D&data=_CxdLKNHpJLIu7uSSvXCgWCX6BYxJTMXxklwYDgSN0prJ-CB7xA7WrcUhOjhpw68L4F0W1_zgNwNO7v71iIQSw&svctype=4&tempid=h5_group_info,,,,,,,,,,,,,,,,,,,
62,1083965037,,62,,,,,,,,,,,,,,,,,,,,,,
63,874094701,,jjc63,,,63新群,,,,,,,,,,,,,,,,,,,
64,482795856,,64,,,,,,,,,,,,,,,,,,,,,,
65,1080268211,,65,,,休闲ing（刚刚那个群号搜不到，如果有别的65群请在这留言）,,,,,,,,,,,,,,,,,,,
66,1094827669,,66,,,,,,,,,,,,,,,,,,,,,,
67,1026803781,,67,,,,,,,,,,,,,,,,,,,,,,
68,482712372,,68,,,欢迎大家 新建的,,,,,,,,,,,,,,,,,,,
69,1101179151,,j69,,,来点人,,,,,,,,,,,,,,,,,,,
70,839948219,,j70,,,新建群，欢迎加群,,,,,,,,,,,,,,,,,,,
71,627809503,,71,,,点击链接加入群聊【公主连结4月30日j场71交流群】：https://qm.qq.com/q/nwSmxVPO9O,,,,,,,,,,,,,,,,,,,
72,1101174941,,72,,,点击链接加入群聊【公主连结430重置竞技场72号群】：https://qm.qq.com/q/JZ8heaM56m,,,,,,,,,,,,,,,,,,,
73,1094053425,,73,,,,,,,,,,,,,,,,,,,,,,
74,627049688,,74,,,,,,,,,,,,,,,,,,,,,,
75,1094104263,,JJC75,,,,,,,,,,,,,,,,,,,,,,
76,1101172634,,jjc76,,,,,,,,,,,,,,,,,,,,,,
77,1021784866,,77喵，大家和平相处,,,,,,,,,,,,,,,,,,,,,,
78,1037082121,,78,,,78场速进,,,,,,,,,,,,,,,,,,,
79,946012742,,79场 群头像华哥，欢迎,,,,,,,,,,,,,,,,,,,,,,
80,1103594950,,                   2026 4.30 JJC 80场群,,,,,,,,,,,,,,,,,,,,,,
81,782290645,,老群新用81场,,,,,,,,,,,,,,,,,,,,,,
82,531386356,,来个人82,,,,,,,,,,,,,,,,,,,,,,
83,1087630610,,4.30 83场,,,🤺摸了,,,,,,,,,,,,,,,,,,,
84,713245459,,84快来快来,,,84场的兄弟们欢迎欢迎,,,,,,,,,,,,,,,,,,,
85,112613225,,85来人来人,,,85场的兄弟们欢迎欢迎,,,,,,,,,,,,,,,,,,,
86,1101180216,,等人建群喵 +3喵,,,怎么没人建群  没人建群我建了,,,,,,,,,,,,,,,,,,,
87,1055258954,,公主连结竞技场87,,,大家要在一起一休尼了,,,,,,,,,,,,,,,,,,,
88,774017713,,来个大佬建群,,,,,,,,,,,,,,,,,,,,,,
89,1095253653,,89场竞技场,,,欢迎各位美女靓仔进来交流,,,,,,,,,,,,,,,,,,,
90,1103603346,,90场,,,,,,,,,,,,,,,,,,,,,,
91,729495990,,91场（2026年）,,,上1自愿下防帮助他人节省时间,,,,,,,,,,,,,,,,,,,
92,916270595,,92场有人吗，你们都不建群，我建了一个,,,,,,,,,,,,,,,,,,,,,,
93,1103606704,,93速来养老,,,建了一个，来一起养老了,,,,,,,,,,,,,,,,,,,
94,690686127,,2026 JJC 94号场,,,,,,,,,,,,,,,,,,,,,,
95,1081812526,,BCR JJC 95场,,,,,,,,,,,,,,,,,,,,,,
96,1103587619,,jjc96场,,,璃，有bot，来玩喵  点击链接加入群聊【26.4.30 jjc】：https://qm.qq.com/q/Nh07CfVYkg,,,,,,,,,,,,,,,,,,,
97,1026953650,,jjc97场26.4.30,,,点击链接加入群聊【jjc97场26.4.30】：http://qm.qq.com/cgi-bin/qm/qr?_wv=1027&k=EYhLZzOzRYG5iAT9RtilbPpyu4YKdOUx&authKey=D4X2SutLMnPFEPnOYVzC2jQQz8WP9%2FS6%2F8sAp8rtaAIMkLWt%2B2%2FUabrF2ktV0qH3&noverify=0&group_code=1026953650,,,,,,,,,,,,,,,,,,,
98,1103588515,,98场，最后一次重置了，大家友好交流,,,,,,,,,,,,,,,,,,,,,,
99,1101175755,,99场，没人我来建，win,,,,,,,,,,,,,,,,,,,,,,
100,1083195210,,100场，欢迎进群,,,1083195210不要瞎改，谢谢花舞已登记,,,,,,,,,,,,,,,,,,,
101,1039756115,,101，欢迎加入,,,1039756115      101场欢迎来人,,,,,,,,,,,,,,,,,,,
102,597427379,,102场，欢迎,,,,,,,,,,,,,,,,,,,,,,
103,240850945,,103 欢迎,,,,,,,,,,,,,,,,,,,,,,
104,787349523,,104欢迎  （群名酒吧，放心进）,,,怎么没有群，谁来建一个,,,,,,,,,,,,,,,,,,,
105,1103591603,,105场,,,,,,,,,,,,,,,,,,,,,,
106,1093471846,,106场大家来玩啊，欢迎～,,,点击链接加入群聊【b服2026新106号JJC群】：https://qun.qq.com/universal-share/share?ac=1&authKey=%2FU1smkz5BQeZQMHX2AMwHmmdF1eJvjeuLwVy6rtlEP0zXJf%2BgHau%2BZ68mgwlpXfI&busi_data=eyJncm91cENvZGUiOiIxMDkzNDcxODQ2IiwidG9rZW4iOiI4WG5NMkg2dndad0ZwZGxrL0M0ZVJLc0JuQ1B4OXplZDE4dnZzdUh6aTRkOVdyZXE2Qi8yeEJHYkJmVWVxaXhiIiwidWluIjoiMjgyMjQzNzAyNCJ9&data=aGnV2HASyDn9rhV2aVY1VE0JytLUYKGPE9_--5d2mx2Njm-tc4GNXGqw8A1DC979tQVkaBUkcLzxm5GUdJJUxA&svctype=4&tempid=h5_group_info,,,,,,,,,,,,,,,,,,,
107,959506470,,107场快来玩啊,,,,,,,,,,,,,,,,,,,,,,
108,278290251,,pcr JJC108 20260430,,,欢迎加群,,,,,,,,,,,,,,,,,,,
109,531751186,,109场,,,欢迎欢迎,,,,,,,,,,,,,,,,,,,
110,974136455,,群头像是雷姆，入群答案：学猫,,,,,,,,,,,,,,,,,,,,,,
111,713886067,,竞技场111,,,欢迎加入,,,,,,,,,,,,,,,,,,,
112,602015144,,112,,,群呢,,,,,,,,,,,,,,,,,,,
113,2163048076,,竞技场113,,,,,,,,,,,,,,,,,,,,,,
114,1059457749,,114场,,,,,,,,,,,,,,,,,,,,,,
115,1101183709,,115场,,,,,,,,,,,,,,,,,,,,,,
116,553200857,,公主连结116场JJC群（26年4月30日）,,,入群答案：116,,,,,,,,,,,,,,,,,,,
117,916369464,,26.4.30 117场群，欢迎摸鱼~,,,,,,,,,,,,,,,,,,,,,,
118,1101173016,,118场灯泡头像,,,,,,,,,,,,,,,,,,,,,,
119,1101173199,,公主连结jjc119（26.4.30）,,,欢迎加群捏~ 点击链接加入群聊【公主连结jjc119（26.4.30）】：https://qm.qq.com/q/oLHyi4JgSm,,,,,,,,,,,,,,,,,,,
120,1103597059,,120,,,1103597059,,,,,,,,,,,,,,,,,,,
121,2157024324,,121场,,,2157024324,,,,,,,,,,,,,,,,,,,
122,883840275,,122场,,,,,,,,,,,,,,,,,,,,,,
123,697131324,,123场，欢迎各位～,,,,,,,,,,,,,,,,,,,,,,
124,1101173661,,124场,,,,,,,,,,,,,,,,,,,,,,
125,1084278575,,125,,,,,,,,,,,,,,,,,,,,,,
126,1037741671,,126场,,,,,,,,,,,,,,,,,,,,,,
127,774565045,,127场欢迎大家,,,,,,,,,,,,,,,,,,,,,,
128,904877984,,128场欢迎大家,,,,,,,,,,,,,,,,,,,,,,
129,605708250,,群头是un 129场605708250,,,,,,,,,,,,,,,,,,,,,,
130,1103590208,,头像是佩可 欢迎大家,,,,,,,,,,,,,,,,,,,,,,
131,1101180430,,没人只能自己建了,,,,,,,,,,,,,,,,,,,,,,
132,1098188969,,欢迎来玩 ,,,,,,,,,,,,,,,,,,,,,,
133,627932252,,133场,,,,,,,,,,,,,,,,,,,,,,
134,1103591123,,134场头像水姐姐，欢迎大家,,,,,,,,,,,,,,,,,,,,,,
135,1072754680,,135场雷姆魔女,,,135的快来，吹水,,,,,,,,,,,,,,,,,,,
136,2160067080,,136场头像是八筒凯露,,,,,,,,,,,,,,,,,,,,,,
137,1080964936,,137场,,,137场的来人呀,,,,,,,,,,,,,,,,,,,
138,1047121335,,138场欢迎大家来玩,,,,,,,,,,,,,,,,,,,,,,
139,1087372178,,139场答案：竞技场,,,,,,,,,,,,,,,,,,,,,,
140,1103590373,,140场 群头像是奶龙,,,,,,,,,,,,,,,,,,,,,,
141,1039052690,,141场欢迎,,,点击链接加入群聊【公主连接2026.4.30竞技场141场】：https://qm.qq.com/q/gNecQJE6kw,,,,,,,,,,,,,,,,,,,
142,1092995130,,142新场，欢迎加入,,,,,,,,,,,,,,,,,,,,,,
143,1103504018,,143号场,,,先来后到哦,,,,,,,,,,,,,,,,,,,
144,1093026041,,144号场,,,,,,,,,,,,,,,,,,,,,,
145,641650352,,145场次，群头是凯露,,,,,,,,,,,,,,,,,,,,,,
146,1101166491,,146群头是骑士君,,,,,,,,,,,,,,,,,,,,,,
147,1101165946,,147场,,,,,,,,,,,,,,,,,,,,,,
148,1103599670,,148场,,,,,,,,,,,,,,,,,,,,,,
149,774227072,,建好了149场,,,,,,,,,,,,,,,,,,,,,,
150,1026680964,,竞技场150场,,,,,,,,,,,,,,,,,,,,,,
151,1101161851,,公主连结竞技场151场,,,第一版我改的,,,,,,,,,,,,,,,,,,,
152,680253281,,152场,,,,,,,,,,,,,,,,,,,,,,
153,881793339,,153场,,,,,,,,,,,,,,,,,,,,,,
154,697297544,,建好了，154,,,同等,,,,,,,,,,,,,,,,,,,
155,1101180590,,建好了,,,等群+3,,,,,,,,,,,,,,,,,,,
156,719546783,,156没人吗,,,,,,,,,,,,,,,,,,,,,,
157,165393398,,欢迎加群，157场，祝你一发双彩,,,,,,,,,,,,,,,,,,,,,,
158,719433594,,158场,,,,,,,,,,,,,,,,,,,,,,
159,1035284246,,JJC159场，欢迎来玩,,,,,,,,,,,,,,,,,,,,,,
160,910461503,,公主连结竞技场160（2026.4.30）,,,没有160的来吗，真的假的,,,,,,,,,,,,,,,,,,,
161,1103593223,,161有没有群,,,坐等161建群,,,,,,,,,,,,,,,,,,,
162,627280344,,打一辈子jjc吧大家,,,,,,,,,,,,,,,,,,,,,,
163,774588760,,4月30日jjc163场重置群（打一辈子jjc）,,,吹水群，答应我一起打一辈子jjc好吗,,,,,,,,,,,,,,,,,,,
164,1103594151,,164,,,,,,,,,,,,,,,,,,,,,,
165,1103596179,,165,,,1103596179,,,,,,,,,,,,,,,,,,,
166,122475716,,166场,,,122475716,,,,,,,,,,,,,,,,,,,1087537820
167,908706196,,167场哦,,,167的,,,,,,,,,,,,,,,,,,,
168,1101174557,,168场 群头像奶龙,,,,,,,,,,,,,,,,,,,,,,
169,1103600626,,没人建群，苦啊，就像路边的野草石头缝里的黄连,,,,,,,,,,,,,,,,,,,,,,
170,1103590643,,170场欢迎来玩,,,,,,,,,,,,,,,,,,,,,,
171,494695627,,171场群，内有色图,,,兄弟抱一下，说说你心里话,,,,,,,,,,,,,,,,,,,
172,551657294,,欢迎大佬加入,,,,,,,,,,,,,,,,,,,,,,
173,1101128408,,173场,,,最后一次更新了，一起玩一辈子pcr吧！！！！,,,,,,,,,,,,,,,,,,,
174,1078799964,,174JJC群,,,,,,,,,,,,,,,,,,,,,,
175,1101179258,,公主连结jjc175群 2026.4.30,,,,,,,,,,,,,,,,,,,,,,
176,530613858,,公主连结176场JJC群（2026.4.30）,,,欢迎来到176场 以后就是永远的家人了,,,,,,,,,,,,,,,,,,,
177,839848652,,177,,,,,,,,,,,,,,,,,,,,,,
178,1091991496,,178场欢迎大家,,,来击一辈子剑哦,,,,,,,,,,,,,,,,,,,
179,531757008,,179,,,,,,,,,,,,,,,,,,,,,,
180,1094349493,,加了180要玩一辈子公主连结哦,,,,,,,,,,,,,,,,,,,,,,
181,1090985790,,181场欢迎加入,,,,,,,,,,,,,,,,,,,,,,
182,627650926,,公主连结jjc182场2026.4.30,,,大家快来！,,,,,,,,,,,,,,,,,,,
183,1015982472,,183,,,点击左侧群号进群,,,,,,,,,,,,,,,,,,,
184,1101175690,,184场  竞技场2026.04.30,,,加群群主叫清笛空悠悠，别认错了,,,,,,,,,,,,,,,,,,,
185,1075168734,,欢迎大家来吹水J185场,,,,,,,,,,,,,,,,,,,,,,
186,,,,,,,,,,,,,,,,,,,,,,,,,
187,,,,,,,,,,,,,,,,,,,,,,,,,
188,,,,,,,,,,,,,,,,,,,,,,,,,
189,,,,,,,,,,,,,,,,,,,,,,,,,
190,,,,,,,,,,,,,,,,,,,,,,,,,
191,,,,,,,,,,,,,,,,,,,,,,,,,
192,,,,,,,,,,,,,,,,,,,,,,,,,
193,,,,,,,,,,,,,,,,,,,,,,,,,
194,,,,,,,,,,,,,,,,,,,,,,,,,
195,,,,,,,,,,,,,,,,,,,,,,,,,
196,,,,,,,,,,,,,,,,,,,,,,,,,
197,,,,,,,,,,,,,,,,,,,,,,,,,
198,,,,,,,,,,,,,,,,,,,,,,,,,
199,,,,,,,,,,,,,,,,,,,,,,,,,
200,,,,,,,,,,,,,,,,,,,,,,,,,
201,,,,,,,,,,,,,,,,,,,,,,,,,
202,,,,,,,,,,,,,,,,,,,,,,,,,
203,,,,,,,,,,,,,,,,,,,,,,,,,
204,,,,,,,,,,,,,,,,,,,,,,,,,
205,,,,,,,,,,,,,,,,,,,,,,,,,
206,,,,,,,,,,,,,,,,,,,,,,,,,
207,,,,,,,,,,,,,,,,,,,,,,,,,
208,,,,,,,,,,,,,,,,,,,,,,,,,
209,,,,,,,,,,,,,,,,,,,,,,,,,
210,,,,,,,,,,,,,,,,,,,,,,,,,
211,,,,,,,,,,,,,,,,,,,,,,,,,
212,,,,,,,,,,,,,,,,,,,,,,,,,
213,,,,,,,,,,,,,,,,,,,,,,,,,
214,,,,,,,,,,,,,,,,,,,,,,,,,
215,,,,,,,,,,,,,,,,,,,,,,,,,
216,,,,,,,,,,,,,,,,,,,,,,,,,
217,,,,,,,,,,,,,,,,,,,,,,,,,
218,,,,,,,,,,,,,,,,,,,,,,,,,
219,,,,,,,,,,,,,,,,,,,,,,,,,
220,,,,,,,,,,,,,,,,,,,,,,,,,
221,,,,,,,,,,,,,,,,,,,,,,,,,
222,,,,,,,,,,,,,,,,,,,,,,,,,
223,,,,,,,,,,,,,,,,,,,,,,,,,
224,,,,,,,,,,,,,,,,,,,,,,,,,
225,,,,,,,,,,,,,,,,,,,,,,,,,
226,,,,,,,,,,,,,,,,,,,,,,,,,
227,,,,,,,,,,,,,,,,,,,,,,,,,
228,,,,,,,,,,,,,,,,,,,,,,,,,
229,,,,,,,,,,,,,,,,,,,,,,,,,
230,,,,,,,,,,,,,,,,,,,,,,,,,
231,,,,,,,,,,,,,,,,,,,,,,,,,
232,,,,,,,,,,,,,,,,,,,,,,,,,
233,,,,,,,,,,,,,,,,,,,,,,,,,
234,,,,,,,,,,,,,,,,,,,,,,,,,
235,,,,,,,,,,,,,,,,,,,,,,,,,
236,,,,,,,,,,,,,,,,,,,,,,,,,
237,,,,,,,,,,,,,,,,,,,,,,,,,
238,,,,,,,,,,,,,,,,,,,,,,,,,
239,,,,,,,,,,,,,,,,,,,,,,,,,
240,,,,,,,,,,,,,,,,,,,,,,,,,
241,,,,,,,,,,,,,,,,,,,,,,,,,
242,,,,,,,,,,,,,,,,,,,,,,,,,
243,,,,,,,,,,,,,,,,,,,,,,,,,
244,,,,,,,,,,,,,,,,,,,,,,,,,
245,,,,,,,,,,,,,,,,,,,,,,,,,
246,,,,,,,,,,,,,,,,,,,,,,,,,
247,,,,,,,,,,,,,,,,,,,,,,,,,
248,,,,,,,,,,,,,,,,,,,,,,,,,
249,,,,,,,,,,,,,,,,,,,,,,,,,
250,,,,,,,,,,,,,,,,,,,,,,,,,
251,,,,,,,,,,,,,,,,,,,,,,,,,
252,,,,,,,,,,,,,,,,,,,,,,,,,
253,,,,,,,,,,,,,,,,,,,,,,,,,
254,,,,,,,,,,,,,,,,,,,,,,,,,
255,,,,,,,,,,,,,,,,,,,,,,,,,
256,,,,,,,,,,,,,,,,,,,,,,,,,
257,,,,,,,,,,,,,,,,,,,,,,,,,
258,,,,,,,,,,,,,,,,,,,,,,,,,
259,,,,,,,,,,,,,,,,,,,,,,,,,
260,,,,,,,,,,,,,,,,,,,,,,,,,
261,,,,,,,,,,,,,,,,,,,,,,,,,
262,,,,,,,,,,,,,,,,,,,,,,,,,
263,,,,,,,,,,,,,,,,,,,,,,,,,
264,,,,,,,,,,,,,,,,,,,,,,,,,
265,,,,,,,,,,,,,,,,,,,,,,,,,
266,,,,,,,,,,,,,,,,,,,,,,,,,
267,,,,,,,,,,,,,,,,,,,,,,,,,
268,,,,,,,,,,,,,,,,,,,,,,,,,
269,,,,,,,,,,,,,,,,,,,,,,,,,
270,,,,,,,,,,,,,,,,,,,,,,,,,
271,,,,,,,,,,,,,,,,,,,,,,,,,
272,,,,,,,,,,,,,,,,,,,,,,,,,
273,,,,,,,,,,,,,,,,,,,,,,,,,
274,,,,,,,,,,,,,,,,,,,,,,,,,
275,,,,,,,,,,,,,,,,,,,,,,,,,
276,,,,,,,,,,,,,,,,,,,,,,,,,
277,,,,,,,,,,,,,,,,,,,,,,,,,
278,,,,,,,,,,,,,,,,,,,,,,,,,
279,,,,,,,,,,,,,,,,,,,,,,,,,
280,,,,,,,,,,,,,,,,,,,,,,,,,
281,,,,,,,,,,,,,,,,,,,,,,,,,
282,,,,,,,,,,,,,,,,,,,,,,,,,
283,,,,,,,,,,,,,,,,,,,,,,,,,
284,,,,,,,,,,,,,,,,,,,,,,,,,
285,,,,,,,,,,,,,,,,,,,,,,,,,
286,,,,,,,,,,,,,,,,,,,,,,,,,
287,,,,,,,,,,,,,,,,,,,,,,,,,
288,,,,,,,,,,,,,,,,,,,,,,,,,
289,,,,,,,,,,,,,,,,,,,,,,,,,
290,,,,,,,,,,,,,,,,,,,,,,,,,
291,,,,,,,,,,,,,,,,,,,,,,,,,
292,,,,,,,,,,,,,,,,,,,,,,,,,
293,,,,,,,,,,,,,,,,,,,,,,,,,
294,,,,,,,,,,,,,,,,,,,,,,,,,
295,,,,,,,,,,,,,,,,,,,,,,,,,
296,,,,,,,,,,,,,,,,,,,,,,,,,
297,,,,,,,,,,,,,,,,,,,,,,,,,
298,,,,,,,,,,,,,,,,,,,,,,,,,
299,,,,,,,,,,,,,,,,,,,,,,,,,
300,,,,,,,,,,,,,,,,,,,,,,,,,
301,,,,,,,,,,,,,,,,,,,,,,,,,
302,,,,,,,,,,,,,,,,,,,,,,,,,
303,,,,,,,,,,,,,,,,,,,,,,,,,
304,,,,,,,,,,,,,,,,,,,,,,,,,
305,,,,,,,,,,,,,,,,,,,,,,,,,
306,,,,,,,,,,,,,,,,,,,,,,,,,
307,,,,,,,,,,,,,,,,,,,,,,,,,
308,,,,,,,,,,,,,,,,,,,,,,,,,
309,,,,,,,,,,,,,,,,,,,,,,,,,
310,,,,,,,,,,,,,,,,,,,,,,,,,
311,,,,,,,,,,,,,,,,,,,,,,,,,
312,,,,,,,,,,,,,,,,,,,,,,,,,
313,,,,,,,,,,,,,,,,,,,,,,,,,
314,,,,,,,,,,,,,,,,,,,,,,,,,
315,,,,,,,,,,,,,,,,,,,,,,,,,
316,,,,,,,,,,,,,,,,,,,,,,,,,
317,,,,,,,,,,,,,,,,,,,,,,,,,
318,,,,,,,,,,,,,,,,,,,,,,,,,
319,,,,,,,,,,,,,,,,,,,,,,,,,
320,,,,,,,,,,,,,,,,,,,,,,,,,
321,,,,,,,,,,,,,,,,,,,,,,,,,
322,,,,,,,,,,,,,,,,,,,,,,,,,
323,,,,,,,,,,,,,,,,,,,,,,,,,
324,,,,,,,,,,,,,,,,,,,,,,,,,
325,,,,,,,,,,,,,,,,,,,,,,,,,
326,,,,,,,,,,,,,,,,,,,,,,,,,
327,,,,,,,,,,,,,,,,,,,,,,,,,
328,,,,,,,,,,,,,,,,,,,,,,,,,
329,,,,,,,,,,,,,,,,,,,,,,,,,
330,,,,,,,,,,,,,,,,,,,,,,,,,
331,,,,,,,,,,,,,,,,,,,,,,,,,
332,,,,,,,,,,,,,,,,,,,,,,,,,
333,,,,,,,,,,,,,,,,,,,,,,,,,
334,,,,,,,,,,,,,,,,,,,,,,,,,
335,,,,,,,,,,,,,,,,,,,,,,,,,
336,,,,,,,,,,,,,,,,,,,,,,,,,
337,,,,,,,,,,,,,,,,,,,,,,,,,
338,,,,,,,,,,,,,,,,,,,,,,,,,
339,,,,,,,,,,,,,,,,,,,,,,,,,
340,,,,,,,,,,,,,,,,,,,,,,,,,
341,,,,,,,,,,,,,,,,,,,,,,,,,
342,,,,,,,,,,,,,,,,,,,,,,,,,
343,,,,,,,,,,,,,,,,,,,,,,,,,
344,,,,,,,,,,,,,,,,,,,,,,,,,
345,,,,,,,,,,,,,,,,,,,,,,,,,
346,,,,,,,,,,,,,,,,,,,,,,,,,
新旧场分界线,,,,,,,,,,,,,,,,,,,,,,,,,
1020,,,,,,,,,,,,,,,,,,,,,,,,,
1021,,,,,,,,,,,,,,,,,,,,,,,,,
1022,,,,,,,,,,,,,,,,,,,,,,,,,
1023,,,,,,,,,,,,,,,,,,,,,,,,,
1024,,,,,,,,,,,,,,,,,,,,,,,,,
1025,,,,,,,,,,,,,,,,,,,,,,,,,
1026,,,,,,,,,,,,,,,,,,,,,,,,,
1027,,,,,,,,,,,,,,,,,,,,,,,,,
1028,,,,,,,,,,,,,,,,,,,,,,,,,
1029,,,,,,,,,,,,,,,,,,,,,,,,,
1030,,,,,,,,,,,,,,,,,,,,,,,,,
1031,,,,,,,,,,,,,,,,,,,,,,,,,
1032,,,,,,,,,,,,,,,,,,,,,,,,,
1033,,,,,,,,,,,,,,,,,,,,,,,,,
1034,,,,,,,,,,,,,,,,,,,,,,,,,
1035,,,,,,,,,,,,,,,,,,,,,,,,,
1036,,,,,,,,,,,,,,,,,,,,,,,,,
1037,,,,,,,,,,,,,,,,,,,,,,,,,
1038,,,,,,,,,,,,,,,,,,,,,,,,,
1039,,,,,,,,,,,,,,,,,,,,,,,,,
1040,,,,,,,,,,,,,,,,,,,,,,,,,
1041,,,,,,,,,,,,,,,,,,,,,,,,,
1042,,,,,,,,,,,,,,,,,,,,,,,,,
1043,,,,,,,,,,,,,,,,,,,,,,,,,
1044,,,,,,,,,,,,,,,,,,,,,,,,,
1045,,,,,,,,,,,,,,,,,,,,,,,,,
1046,,,,,,,,,,,,,,,,,,,,,,,,,
1047,,,,,,,,,,,,,,,,,,,,,,,,,
1048,,,,,,,,,,,,,,,,,,,,,,,,,
1049,,,,,,,,,,,,,,,,,,,,,,,,,
1050,,,,,,,,,,,,,,,,,,,,,,,,,
1051,,,,,,,,,,,,,,,,,,,,,,,,,
1052,,,,,,,,,,,,,,,,,,,,,,,,,
1053,,,,,,,,,,,,,,,,,,,,,,,,,
1054,,,,,,,,,,,,,,,,,,,,,,,,,
1055,,,,,,,,,,,,,,,,,,,,,,,,,
1056,,,,,,,,,,,,,,,,,,,,,,,,,
1057,,,,,,,,,,,,,,,,,,,,,,,,,
1058,,,,,,,,,,,,,,,,,,,,,,,,,
1059,,,,,,,,,,,,,,,,,,,,,,,,,
1060,,,,,,,,,,,,,,,,,,,,,,,,,
1061,,,,,,,,,,,,,,,,,,,,,,,,,
1062,,,,,,,,,,,,,,,,,,,,,,,,,
1063,,,,,,,,,,,,,,,,,,,,,,,,,
1064,,,,,,,,,,,,,,,,,,,,,,,,,
1065,,,,,,,,,,,,,,,,,,,,,,,,,
1066,,,,,,,,,,,,,,,,,,,,,,,,,
1067,,,,,,,,,,,,,,,,,,,,,,,,,
1068,,,,,,,,,,,,,,,,,,,,,,,,,
1069,,,,,,,,,,,,,,,,,,,,,,,,,
1070,,,,,,,,,,,,,,,,,,,,,,,,,
1071,,,,,,,,,,,,,,,,,,,,,,,,,
1072,,,,,,,,,,,,,,,,,,,,,,,,,
1073,,,,,,,,,,,,,,,,,,,,,,,,,
1074,,,,,,,,,,,,,,,,,,,,,,,,,
1075,,,,,,,,,,,,,,,,,,,,,,,,,
1076,,,,,,,,,,,,,,,,,,,,,,,,,
1077,,,,,,,,,,,,,,,,,,,,,,,,,
1078,,,,,,,,,,,,,,,,,,,,,,,,,
1079,,,,,,,,,,,,,,,,,,,,,,,,,
1080,,,,,,,,,,,,,,,,,,,,,,,,,
1081,,,,,,,,,,,,,,,,,,,,,,,,,
1082,,,,,,,,,,,,,,,,,,,,,,,,,
1083,,,,,,,,,,,,,,,,,,,,,,,,,
1084,,,,,,,,,,,,,,,,,,,,,,,,,
1085,,,,,,,,,,,,,,,,,,,,,,,,,
1086,,,,,,,,,,,,,,,,,,,,,,,,,
1087,,,,,,,,,,,,,,,,,,,,,,,,,
1088,,,,,,,,,,,,,,,,,,,,,,,,,
1089,,,,,,,,,,,,,,,,,,,,,,,,,
1090,,,,,,,,,,,,,,,,,,,,,,,,,
1091,,,,,,,,,,,,,,,,,,,,,,,,,
1092,,,,,,,,,,,,,,,,,,,,,,,,,
1093,,,,,,,,,,,,,,,,,,,,,,,,,
1094,,,,,,,,,,,,,,,,,,,,,,,,,
1095,,,,,,,,,,,,,,,,,,,,,,,,,
1096,,,,,,,,,,,,,,,,,,,,,,,,,
1097,,,,,,,,,,,,,,,,,,,,,,,,,
1098,,,,,,,,,,,,,,,,,,,,,,,,,
1099,,,,,,,,,,,,,,,,,,,,,,,,,
1100,,,,,,,,,,,,,,,,,,,,,,,,,
1101,,,,,,,,,,,,,,,,,,,,,,,,,
1102,,,,,,,,,,,,,,,,,,,,,,,,,
1103,,,,,,,,,,,,,,,,,,,,,,,,,
1104,,,,,,,,,,,,,,,,,,,,,,,,,
1105,,,,,,,,,,,,,,,,,,,,,,,,,
1106,,,,,,,,,,,,,,,,,,,,,,,,,
1107,,,,,,,,,,,,,,,,,,,,,,,,,
1108,,,,,,,,,,,,,,,,,,,,,,,,,
1109,,,,,,,,,,,,,,,,,,,,,,,,,
1110,,,,,,,,,,,,,,,,,,,,,,,,,
1111,,,,,,,,,,,,,,,,,,,,,,,,,
1112,,,,,,,,,,,,,,,,,,,,,,,,,
1113,,,,,,,,,,,,,,,,,,,,,,,,,
1114,,,,,,,,,,,,,,,,,,,,,,,,,
1115,,,,,,,,,,,,,,,,,,,,,,,,,
1116,,,,,,,,,,,,,,,,,,,,,,,,,
1117,,,,,,,,,,,,,,,,,,,,,,,,,
1118,,,,,,,,,,,,,,,,,,,,,,,,,
1119,,,,,,,,,,,,,,,,,,,,,,,,,
1120,,,,,,,,,,,,,,,,,,,,,,,,,
1121,,,,,,,,,,,,,,,,,,,,,,,,,
1122,,,,,,,,,,,,,,,,,,,,,,,,,
1123,,,,,,,,,,,,,,,,,,,,,,,,,
1124,,,,,,,,,,,,,,,,,,,,,,,,,
1125,,,,,,,,,,,,,,,,,,,,,,,,,
1126,,,,,,,,,,,,,,,,,,,,,,,,,
1127,,,,,,,,,,,,,,,,,,,,,,,,,
1128,,,,,,,,,,,,,,,,,,,,,,,,,
1129,,,,,,,,,,,,,,,,,,,,,,,,,
1130,,,,,,,,,,,,,,,,,,,,,,,,,
1131,,,,,,,,,,,,,,,,,,,,,,,,,
1132,,,,,,,,,,,,,,,,,,,,,,,,,
1133,,,,,,,,,,,,,,,,,,,,,,,,,
1134,,,,,,,,,,,,,,,,,,,,,,,,,
1135,,,,,,,,,,,,,,,,,,,,,,,,,
1136,,,,,,,,,,,,,,,,,,,,,,,,,
1137,,,,,,,,,,,,,,,,,,,,,,,,,
1138,,,,,,,,,,,,,,,,,,,,,,,,,
1139,,,,,,,,,,,,,,,,,,,,,,,,,
1140,,,,,,,,,,,,,,,,,,,,,,,,,
1141,,,,,,,,,,,,,,,,,,,,,,,,,
1142,,,,,,,,,,,,,,,,,,,,,,,,,
1143,,,,,,,,,,,,,,,,,,,,,,,,,
1144,,,,,,,,,,,,,,,,,,,,,,,,,
1145,,,,,,,,,,,,,,,,,,,,,,,,,
1146,,,,,,,,,,,,,,,,,,,,,,,,,
1147,,,,,,,,,,,,,,,,,,,,,,,,,
1148,,,,,,,,,,,,,,,,,,,,,,,,,
1149,,,,,,,,,,,,,,,,,,,,,,,,,
1150,,,,,,,,,,,,,,,,,,,,,,,,,
1151,,,,,,,,,,,,,,,,,,,,,,,,,
1152,,,,,,,,,,,,,,,,,,,,,,,,,
1153,,,,,,,,,,,,,,,,,,,,,,,,,
1154,,,,,,,,,,,,,,,,,,,,,,,,,
1155,,,,,,,,,,,,,,,,,,,,,,,,,
1156,,,,,,,,,,,,,,,,,,,,,,,,,
1157,,,,,,,,,,,,,,,,,,,,,,,,,
1158,,,,,,,,,,,,,,,,,,,,,,,,,
1159,,,,,,,,,,,,,,,,,,,,,,,,,
1160,,,,,,,,,,,,,,,,,,,,,,,,,
1161,,,,,,,,,,,,,,,,,,,,,,,,,
1162,,,,,,,,,,,,,,,,,,,,,,,,,
1163,,,,,,,,,,,,,,,,,,,,,,,,,
1164,,,,,,,,,,,,,,,,,,,,,,,,,
1165,,,,,,,,,,,,,,,,,,,,,,,,,
1166,,,,,,,,,,,,,,,,,,,,,,,,,
1167,,,,,,,,,,,,,,,,,,,,,,,,,
1168,,,,,,,,,,,,,,,,,,,,,,,,,
1169,,,,,,,,,,,,,,,,,,,,,,,,,
1170,,,,,,,,,,,,,,,,,,,,,,,,,
1171,,,,,,,,,,,,,,,,,,,,,,,,,
1172,,,,,,,,,,,,,,,,,,,,,,,,,
1173,,,,,,,,,,,,,,,,,,,,,,,,,
1174,,,,,,,,,,,,,,,,,,,,,,,,,
1175,,,,,,,,,,,,,,,,,,,,,,,,,
1176,,,,,,,,,,,,,,,,,,,,,,,,,
1177,,,,,,,,,,,,,,,,,,,,,,,,,
1178,,,,,,,,,,,,,,,,,,,,,,,,,
1179,,,,,,,,,,,,,,,,,,,,,,,,,
1180,,,,,,,,,,,,,,,,,,,,,,,,,
1181,,,,,,,,,,,,,,,,,,,,,,,,,
1182,,,,,,,,,,,,,,,,,,,,,,,,,
1183,,,,,,,,,,,,,,,,,,,,,,,,,
1184,,,,,,,,,,,,,,,,,,,,,,,,,
1185,,,,,,,,,,,,,,,,,,,,,,,,,
1186,,,,,,,,,,,,,,,,,,,,,,,,,
1187,,,,,,,,,,,,,,,,,,,,,,,,,
1188,,,,,,,,,,,,,,,,,,,,,,,,,
1189,,,,,,,,,,,,,,,,,,,,,,,,,
1190,,,,,,,,,,,,,,,,,,,,,,,,,
